"silkroadvb5piz3r.onion","200","server"
"4pms4sejqrryckox.onion","200","nginx"
"m3hjrfh4hlqc67gb.onion","200","nginx"
"opva2pilsncvtwmh.onion","200","nginx"
"xnujexyz4hdqsbux.onion","200","nginx"
"mc2wqhlkh6ffgrdi.onion","200","nginx"
"3tfqvth2lzeieiha.onion","200","Apache/2.2.16"
"5toqozoa4vkbduqe.onion","200","nginx"
"dppmfxaacucguzpc.onion","200","Apache"
"jva7jpw27pfycasu.onion","200","nginx"
"ysjpyc2oihuw5hbe.onion","200","nginx"
"kk2wajy64oip26d6.onion","200","nginx"
"5onwnspjvuk7cwvk.onion","200","Apache"
"45zcru6ttbtx7nov.onion","200","nginx"
"4i2aiir44iqzopme.onion","200","nginx"
"hb4pm4eznzhd6mts.onion","200","Apache/2.2.8 (Ubuntu) PHP/5.2.4-2ubuntu5.26 with Suhosin-Patch"
"3pqu4yttzgaa5wlq.onion","200","nginx"
"torlinkbgs6aabns.onion","200","Apache"
"mjt54q6pagohhimn.onion","200","Apache"
"eqt5g4fuenphqinx.onion","200","nginx"
"zw3crggtadila2sg.onion","200","nginx"
"rl2pgrl56om2njuw.onion","200","nginx"
"ekwreugkil5ncyyh.onion","200","nginx"
"7omudmiplwglbnzd.onion","200","nginx"
"wyxwerboi3awzy23.onion","200","Apache/2.2.22 (Ubuntu)"
"ecohilklopqga7ra.onion","200","nginx"
"pm6hsbvjzn465slc.onion","200","nginx"
"utovvyhaflle76gh.onion","200","lighttpd/1.4.32"
"4fj7juxplvsxgocy.onion","200","nginx"
"in5lhhuaevyd3muf.onion","200","Microsoft-IIS/7.0"
"wbh5oaxn75yu2wai.onion","200","nginx"
"5wfoimenm6fviv4d.onion","200","nginx"
"65bgvta7yos3sce5.onion","200","nginx"
"ytdlczouoxgwzyyu.onion","200","Apache/2.4.3 (Win32) OpenSSL/1.0.1c"
"l2zukdb5b2favsfc.onion","200","nginx"
"vjelr2xdaqsgslzr.onion","200","nginx"
"3rontsmevctjqyfj.onion","200","nginx"
"nvgrt5kmuzpl3hnd.onion","200","nginx"
"iacgq6y2j2nfudy7.onion","200","Apache"
"carson27rcopqmms.onion","200","nginx/0.8.54"
"s7nbvdbky4xqim7h.onion","200","nginx"
"2herc2idzwk3dhpj.onion","200","nginx"
"newpdsuslmzqazvr.onion","200","Apache"
"3terbsb5mmmdyhse.onion","200","Apache"
"tklxxs3rdzdjppnl.onion","200","nginx"
"tghtnwsywvvhromy.onion","200","DeleGate/9.9.7"
"277kgwe6cw2pm7u7.onion","200","nginx"
"4zjgf5i7dkafxpdm.onion","200","Apache"
"idnxcnkne4qt76tg.onion","200","Apache"
"redditqlrzb7rrsy.onion","200","PasteWSGIServer/0.5 Python/2.7.3"
"3mrdrr2gas45q6hp.onion","200","DeleGate/9.9.7"
"2ue35wfkmo3dlgjm.onion","200","nginx"
"ruforumqewhlrqvi.onion","200","nginx/0.7.67"
"doylo7o5omz7jikc.onion","200","Apache/2.4.1 (Unix) OpenSSL/1.0.0g"
"q2dppfoxzzjlfzsr.onion","200","Microsoft-IIS/7.0"
"sheep5u64fi457aw.onion","200","Apache/2.2.22 (Ubuntu)"
"pmaxxul62p2asz7g.onion","200","mikulas/9.86960440109"
"s7pvraehwqmazmcy.onion","200","nginx"
"632n2oxldj5rsrmg.onion","200","nginx"
"62lpxb2lt3yt6vgr.onion","200","nginx"
"wd5pbd4odd7jmm46.onion","200","nginx"
"leakager742hufco.onion","200","Cherokee"
"llw7kb6endszubh6.onion","200","nginx"
"qhhmizwxw3rog7lw.onion","200","nginx"
"okx5b2r76olbriil.onion","200","nginx"
"l2ikklajtx2he5pd.onion","200","Apache/2.4.1 (Unix) OpenSSL/1.0.0g"
"iwdmsbpxclyjhi4e.onion","200","nginx"
"ccbn6mrdudb5fbxd.onion","200","nginx"
"x7ydild4mornwlff.onion","200","Microsoft-IIS/7.0"
"2lvk7v6o7o5mhupo.onion","200","nginx"
"uaga3aoawaj6hohg.onion","200","nginx"
"mt3ed56zoon3wmsq.onion","200","nginx"
"2txwgkhnbbrji7ss.onion","200","Apache/2.2.15 (CentOS)"
"fec33nz6mhzd54zj.onion","200","Apache"
"d3z7f2hmskzuirbs.onion","200","nginx"
"hlufpdgdnvsocgx6.onion","200","nginx"
"3vepcot6ikzfinm4.onion","200","Microsoft-IIS/7.0"
"ugh6gtz44ifx23e7.onion","200","nginx"
"v7ovl2hciwt72lqi.onion","200","nginx"
"esnvfiq3ln5gu2mz.onion","200","nginx"
"opzqhu5iftmfoor3.onion","200","nginx/1.0.14"
"mqv7qz5rn3sf5dcx.onion","200","nginx"
"xc24qhihksrlpocj.onion","200","nginx"
"fuf75inlrpmib4bf.onion","200","nginx"
"pzxqeu6qtp7t3ule.onion","200","nginx"
"abh2ndlu5hfeodld.onion","200","nginx"
"buyitnowquyft7dx.onion","200","Apache/2.2.22"
"53otrkyvae462lhb.onion","200","nginx"
"pja3dhxxpn4cba63.onion","200","thttpd"
"2mmi4wbdaf33n7ty.onion","200","nginx"
"s4abpcgjqllhy5a4.onion","200","nginx"
"opnju4nyz7wbypme.onion","200","Apache/2.2.22 (Debian)"
"hw3hdtf7nunuubvy.onion","200","nginx"
"jppcxclcwvkbh3xi.onion","200","Apache/2.2.16 (Debian)"
"uwwtw2zb4z34nhjz.onion","200","Apache"
"r6fpezhksmtvp6x4.onion","200","nginx"
"zgmxllflvb7oza7t.onion","200","nginx"
"b7x7cbwmyfxr4oln.onion","200","Apache/2.2.9"
"atlantisrky4es5q.onion","200","Apache"
"dufwacum6tye773w.onion","200","Microsoft-IIS/7.0"
"gdkez5whqhpthb4d.onion","200","Apache/2.2.22 (Ubuntu)"
"fvginlcapfsm6mux.onion","200","Apache/2.4.1 (Unix) OpenSSL/1.0.0g"
"gihpyevqh6aiwyt2.onion","200","nginx"
"wo6frkv5bt6hrsqo.onion","200","Apache/2.2.22 (Ubuntu)"
"hrnf2b5tpj6jj774.onion","200","Microsoft-IIS/7.5"
"r4iayv6nhmuhsrbj.onion","200","nginx"
"wn323ufq7s23u35f.onion","200","nginx"
"tncm5tqizyi6us3a.onion","200","nginx"
"ygumyapuudqjnbbm.onion","200","nginx"
"5bn4iomaj5uwuibf.onion","200","nginx"
"hsp7sexsshjonukr.onion","200","nginx"
"32yehzkk7jflf6r2.onion","200","nginx"
"efhhaozlsgglfx2m.onion","200","nginx"
"q2vaheze7cac233x.onion","200","nginx"
"vizpz65utiopch7t.onion","200","Apache/2.2.16 (Debian)"
"zep6wjf7aanbvcqp.onion","200","nginx"
"7ibcuoqkz7hi2oim.onion","200","nginx"
"hvieybi6rb45wfpg.onion","200","nginx/0.7.67"
"jm6miyk4tog63kqs.onion","200","nginx"
"nissepd7ueye4e2a.onion","200","Apache/2.2.10 (Win32)"
"piuo6r5pdufquf4a.onion","200","nginx"
"u44aubkiljmebtef.onion","200","Apache/2.4.1 (Unix) OpenSSL/1.0.0g"
"w56hjpxn45yzohqa.onion","200","nginx"
"xxieg3mbvoh26pvs.onion","200","nginx"
"yewmggktmoycxzsg.onion","200","nginx"
"2ldf24x4sikpquyf.onion","200","Apache"
"ukztfcd2vhjzb6o4.onion","200","nginx"
"yhngvp3q5h4s7d3e.onion","200","nginx"
"2fqgjzbb2h7yevom.onion","200","nginx"
"c2pbvtthd4ygqhnm.onion","200","Apache/2.2.22 (Ubuntu)"
"cmvwkiq3mf44o3lq.onion","200","Apache/2.4.1 (Unix) OpenSSL/1.0.0g"
"d7ns2xnpvrggxjxn.onion","200","cloudflare-nginx"
"dktyvfbrjyulioie.onion","200","Apache/2.4.1 (Unix) OpenSSL/1.0.0g"
"doxbinumfxfyytnh.onion","200","nginx"
"gwwrk2j3pug3rbux.onion","200","Apache"
"mpf3i4k43xc2usxj.onion","200","nginx/0.7.67"
"5lywtauniqa5at6c.onion","200","nginx"
"aub35xzuj7wslusm.onion","200","nginx"
"lw7b7t7n7koyi6tb.onion","200","Snap/0.9.2.4"
"pnunpbo4fu3v2z7d.onion","200","nginx"
"raybmwtjbor4ohvy.onion","200","nginx"
"2ygbaoezjdmacnro.onion","200","Apache/2.2.16 (Debian)"
"5nxa6zttbo6bc3ar.onion","200","Apache"
"5nkmtkp4457e4y6y.onion","200","nginx"
"7ceq7omeec5zg3yx.onion","200","nginx"
"bwdydphqzohdnmqw.onion","200","nginx"
"dl7n4gnatq6oa7zp.onion","200","nginx"
"foundrylsjtf4rxs.onion","200","Apache"
"hardblush4fncbgz.onion","200","lighttpd"
"hj4ndbfe2vhvauck.onion","200","Apache"
"i3rg5diydpbxkewu.onion","200","nginx"
"inrpekgmpqoybloj.onion","200","nginx"
"js2fj5arrmmctcjd.onion","200","Apache/2.4.1 (Unix) OpenSSL/1.0.0g"
"klnlvhkwxvdybzge.onion","200","nginx"
"li4znmlobepdaq4n.onion","200","nginx"
"lxh7t2r3ftinu3f2.onion","200","nginx"
"mankbysii63gezac.onion","200","nginx"
"ntoibame4iky6xhv.onion","200","CherryPy/3.2.2"
"oltdqzgjm45ito7y.onion","200","nginx"
"qrhcnyxena3qlysl.onion","200","blank"
"rpqig5xana2eujht.onion","200","Apache"
"utk7mkaqzi4lncyz.onion","200","Apache/2.4.1 (Unix) OpenSSL/1.0.0g"
"vxa5uoh5o4qehbjh.onion","200","nginx/1.1.19"
"w32fb6kci5dg35bl.onion","200","nginx"
"w7qmwaxeddpoxbxc.onion","200","Apache/2.4.1 (Unix) OpenSSL/1.0.0g"
"wbyi72yt6gitdcqd.onion","200","Apache/2.2.22 (FreeBSD) mod_perl/2.0.7 Perl/v5.14.2"
"xdevzhvavwf5v5f3.onion","200","nginx"
"xqbaxtycj7q3cspa.onion","200","nginx"
"2ousn6z3qfxvcv7t.onion","200","nginx"
"4yjes6zfucnh7vcj.onion","200","Apache/2.4.3 (Win32) OpenSSL/1.0.1c"
"534a3r5qtbqrzviv.onion","200","nginx"
"5vppavyzjkfs45r4.onion","200","lighttpd/1.4.28"
"6iyrzmamx3ydz56t.onion","200","nginx"
"75f4ihjhk7b7rolp.onion","200","Apache/2.4.1 (Unix) OpenSSL/1.0.0g"
"7uojwkymbozgijfd.onion","200","nginx"
"afim5fm4yrsqlwx7.onion","200","nginx"
"b7hugomzttfm2juj.onion","200","nginx"
"cbpqday2b5ehy3tk.onion","200","Apache/2.2.22 (Debian)"
"cgumwnnffexvk4n3.onion","200","Apache/2.4.1 (Unix) OpenSSL/1.0.0g"
"crnosrce5dmjjygf.onion","200","Apache"
"dbmv53j45pcv534x.onion","200","Boa/0.94.14rc21"
"elmhqe63vioktbpo.onion","200","nginx"
"ggmimjwjhsbgfexv.onion","200","nginx"
"hb53wgtbevods32l.onion","200","Apache"
"hwkfrfqsteopdkga.onion","200","Apache/2.4.1 (Unix) OpenSSL/1.0.0g"
"ip3rydzerav66mwv.onion","200","Apache/2.4.1 (Unix) OpenSSL/1.0.0g"
"j6qebbrc6rmhbp6m.onion","200","nginx"
"javrwyokisx3do7y.onion","200","nginx"
"jgpkmlugo2qfli6n.onion","200","Apache/2.2.22 (Ubuntu)"
"jsmkujutqfgknkv2.onion","200","Apache/2.4.1 (Unix) OpenSSL/1.0.0g"
"k4d4bg7vwwmq6maw.onion","200","nginx"
"mimi6qjfdporzchm.onion","200","blank"
"nwrjzsgnoux2fqpt.onion","200","nginx"
"ny6losjpqrnyg3dm.onion","200","nginx"
"obbmvdfeecvg2mxp.onion","200","Apache/2.2.8 (Ubuntu) PHP/5.2.4-2ubuntu5.10 with Suhosin-Patch"
"ra6h66mc6f6tcnz5.onion","200","nginx"
"rtaz6yobt5op5vfm.onion","200","fnord-1.7-ak"
"rupub46c5eperead.onion","200","nginx"
"rxhricqcqxv43kpn.onion","200","nginx"
"sundolls3x5gt7kv.onion","200","Apache"
"syndielzlvbxdsah.onion","200","nginx"
"tgy3onlg42ya3p7d.onion","200","nginx"
"torbrokerge7zxgq.onion","200","nginx"
"twulujga5k2t3i6c.onion","200","Apache/2.2.22"
"ujv6q6i73t46ayfi.onion","200","nginx"
"ujfkqhpvnctf4woa.onion","200","nginx"
"v5h2ydfg54utomwq.onion","200","thttpd"
"wduqsluhli3lsoxs.onion","200","nginx"
"whosfaqxrmjas7wb.onion","200","Apache"
"wjngphmzk6mr2pt5.onion","200","nginx"
"xhlrk4xe7xccrgyn.onion","200","Apache/2.4.1 (Unix) OpenSSL/1.0.0g"
"z2kbkvb573a6devu.onion","200","Apache"
"zxlbbyqyktef2ok6.onion","200","Apache/2.4.1 (Unix) OpenSSL/1.0.0g"
